<?xml version="1.0" encoding="utf-8" standalone="yes"?><rss version="2.0" xmlns:atom="http://www.w3.org/2005/Atom"><channel><title>Publications | Weifeng Ge</title><link>https://cancms.github.io/weifengge-net/publications/</link><atom:link href="https://cancms.github.io/weifengge-net/publications/index.xml" rel="self" type="application/rss+xml"/><description>Publications</description><generator>Wowchemy (https://wowchemy.com)</generator><language>en-us</language><image><url>https://cancms.github.io/weifengge-net/media/icon_hu_d402fca852c9163c.png</url><title>Publications</title><link>https://cancms.github.io/weifengge-net/publications/</link></image><item><title/><link>https://cancms.github.io/weifengge-net/publications/data/index.json</link><pubDate>Mon, 01 Jan 0001 00:00:00 +0000</pubDate><guid>https://cancms.github.io/weifengge-net/publications/data/index.json</guid><description/></item></channel></rss>