<?xml version="1.0" encoding="utf-8" standalone="yes"?><rss version="2.0" xmlns:atom="http://www.w3.org/2005/Atom"><channel><title>Tags | Weifeng Ge个人主页</title><link>https://cancms.github.io/weifengge-net/zh/tags/</link><atom:link href="https://cancms.github.io/weifengge-net/zh/tags/index.xml" rel="self" type="application/rss+xml"/><description>Tags</description><generator>Wowchemy (https://wowchemy.com)</generator><language>zh-Hans</language><image><url>https://cancms.github.io/weifengge-net/media/icon_hu_d402fca852c9163c.png</url><title>Tags</title><link>https://cancms.github.io/weifengge-net/zh/tags/</link></image></channel></rss>