[{"authors":null,"categories":null,"content":"Nemo vel ad consectetur namut rutrum ex, venenatis sollicitudin urna. Aliquam erat volutpat. Integer eu ipsum sem. Ut bibendum lacus vestibulum maximus suscipit. Quisque vitae nibh iaculis neque blandit euismod.\nLorem ipsum dolor sit amet consectetur adipisicing elit. Nemo vel ad consectetur ut aperiam. Itaque eligendi natus aperiam? Excepturi repellendus consequatur quibusdam optio expedita praesentium est adipisci dolorem ut eius!\nCreative Design Nam ut rutrum ex, venenatis sollicitudin urna. Aliquam erat volutpat. Integer eu ipsum sem. Ut bibendum lacus vestibulum maximus suscipit. Quisque vitae nibh iaculis neque blandit euismod.\nLorem ipsum dolor sit amet consectetur adipisicing elit. Nemo vel ad consectetur ut aperiam. Itaque eligendi natus aperiam? Excepturi repellendus consequatur quibusdam optio expedita praesentium est adipisci dolorem ut eius!\nLorem ipsum dolor sit amet consectetur adipisicing elit. Nemo vel ad consectetur ut aperiam. Itaque eligendi natus aperiam? Excepturi repellendus consequatur quibusdam optio expedita praesentium est adipisci dolorem ut eius!\n","date":1656201600,"expirydate":-62135596800,"kind":"page","lang":"en","lastmod":1656201600,"objectID":"90ba3736689306ac5a2d90cf77236e46","permalink":"https://cancms.github.io/weifengge-net/blog/post-1/","publishdate":"2022-06-26T00:00:00Z","relpermalink":"/weifengge-net/blog/post-1/","section":"blog","summary":"Nemo vel ad consectetur namut rutrum ex, venenatis sollicitudin urna. Aliquam erat volutpat. Integer eu ipsum sem. Ut bibendum lacus vestibulum maximus suscipit. Quisque vitae nibh iaculis neque blandit euismod.\n","tags":null,"title":"How to build an Application with modern Technology","type":"blog"},{"authors":null,"categories":null,"content":"Nemo vel ad consectetur namut rutrum ex, venenatis sollicitudin urna. Aliquam erat volutpat. Integer eu ipsum sem. Ut bibendum lacus vestibulum maximus suscipit. Quisque vitae nibh iaculis neque blandit euismod.\nLorem ipsum dolor sit amet consectetur adipisicing elit. Nemo vel ad consectetur ut aperiam. Itaque eligendi natus aperiam? Excepturi repellendus consequatur quibusdam optio expedita praesentium est adipisci dolorem ut eius!\nCreative Design Nam ut rutrum ex, venenatis sollicitudin urna. Aliquam erat volutpat. Integer eu ipsum sem. Ut bibendum lacus vestibulum maximus suscipit. Quisque vitae nibh iaculis neque blandit euismod.\nLorem ipsum dolor sit amet consectetur adipisicing elit. Nemo vel ad consectetur ut aperiam. Itaque eligendi natus aperiam? Excepturi repellendus consequatur quibusdam optio expedita praesentium est adipisci dolorem ut eius!\nLorem ipsum dolor sit amet consectetur adipisicing elit. Nemo vel ad consectetur ut aperiam. Itaque eligendi natus aperiam? Excepturi repellendus consequatur quibusdam optio expedita praesentium est adipisci dolorem ut eius!\n","date":1656201600,"expirydate":-62135596800,"kind":"page","lang":"en","lastmod":1656201600,"objectID":"6a7ed8d6a03b1fdbfe12dd762edf167d","permalink":"https://cancms.github.io/weifengge-net/blog/post-2/","publishdate":"2022-06-26T00:00:00Z","relpermalink":"/weifengge-net/blog/post-2/","section":"blog","summary":"Nemo vel ad consectetur namut rutrum ex, venenatis sollicitudin urna. Aliquam erat volutpat. Integer eu ipsum sem. Ut bibendum lacus vestibulum maximus suscipit. Quisque vitae nibh iaculis neque blandit euismod.\n","tags":null,"title":"How to build an Application with modern Technology","type":"blog"},{"authors":null,"categories":null,"content":"Nemo vel ad consectetur namut rutrum ex, venenatis sollicitudin urna. Aliquam erat volutpat. Integer eu ipsum sem. Ut bibendum lacus vestibulum maximus suscipit. Quisque vitae nibh iaculis neque blandit euismod.\nLorem ipsum dolor sit amet consectetur adipisicing elit. Nemo vel ad consectetur ut aperiam. Itaque eligendi natus aperiam? Excepturi repellendus consequatur quibusdam optio expedita praesentium est adipisci dolorem ut eius!\nCreative Design Nam ut rutrum ex, venenatis sollicitudin urna. Aliquam erat volutpat. Integer eu ipsum sem. Ut bibendum lacus vestibulum maximus suscipit. Quisque vitae nibh iaculis neque blandit euismod.\nLorem ipsum dolor sit amet consectetur adipisicing elit. Nemo vel ad consectetur ut aperiam. Itaque eligendi natus aperiam? Excepturi repellendus consequatur quibusdam optio expedita praesentium est adipisci dolorem ut eius!\nLorem ipsum dolor sit amet consectetur adipisicing elit. Nemo vel ad consectetur ut aperiam. Itaque eligendi natus aperiam? Excepturi repellendus consequatur quibusdam optio expedita praesentium est adipisci dolorem ut eius!\n","date":1656201600,"expirydate":-62135596800,"kind":"page","lang":"en","lastmod":1656201600,"objectID":"d7a7330fa6ff45d04aa93c89c4a0bc99","permalink":"https://cancms.github.io/weifengge-net/blog/post-3/","publishdate":"2022-06-26T00:00:00Z","relpermalink":"/weifengge-net/blog/post-3/","section":"blog","summary":"Nemo vel ad consectetur namut rutrum ex, venenatis sollicitudin urna. Aliquam erat volutpat. Integer eu ipsum sem. Ut bibendum lacus vestibulum maximus suscipit. Quisque vitae nibh iaculis neque blandit euismod.\n","tags":null,"title":"How to build an Application with modern Technology","type":"blog"},{"authors":null,"categories":null,"content":"Nemo vel ad consectetur namut rutrum ex, venenatis sollicitudin urna. Aliquam erat volutpat. Integer eu ipsum sem. Ut bibendum lacus vestibulum maximus suscipit. Quisque vitae nibh iaculis neque blandit euismod.\nLorem ipsum dolor sit amet consectetur adipisicing elit. Nemo vel ad consectetur ut aperiam. Itaque eligendi natus aperiam? Excepturi repellendus consequatur quibusdam optio expedita praesentium est adipisci dolorem ut eius!\nCreative Design Nam ut rutrum ex, venenatis sollicitudin urna. Aliquam erat volutpat. Integer eu ipsum sem. Ut bibendum lacus vestibulum maximus suscipit. Quisque vitae nibh iaculis neque blandit euismod.\nLorem ipsum dolor sit amet consectetur adipisicing elit. Nemo vel ad consectetur ut aperiam. Itaque eligendi natus aperiam? Excepturi repellendus consequatur quibusdam optio expedita praesentium est adipisci dolorem ut eius!\nLorem ipsum dolor sit amet consectetur adipisicing elit. Nemo vel ad consectetur ut aperiam. Itaque eligendi natus aperiam? Excepturi repellendus consequatur quibusdam optio expedita praesentium est adipisci dolorem ut eius!\n","date":1656201600,"expirydate":-62135596800,"kind":"page","lang":"en","lastmod":1656201600,"objectID":"33fa56abbd9937d018875f632579ed95","permalink":"https://cancms.github.io/weifengge-net/blog/post-4/","publishdate":"2022-06-26T00:00:00Z","relpermalink":"/weifengge-net/blog/post-4/","section":"blog","summary":"Nemo vel ad consectetur namut rutrum ex, venenatis sollicitudin urna. Aliquam erat volutpat. Integer eu ipsum sem. Ut bibendum lacus vestibulum maximus suscipit. Quisque vitae nibh iaculis neque blandit euismod.\n","tags":null,"title":"How to build an Application with modern Technology","type":"blog"},{"authors":null,"categories":null,"content":"","date":-62135596800,"expirydate":-62135596800,"kind":"page","lang":"en","lastmod":-62135596800,"objectID":"3e75c1daaf305b3f5bfb73f21a7bfae8","permalink":"https://cancms.github.io/weifengge-net/publications/data/index.json","publishdate":"0001-01-01T00:00:00Z","relpermalink":"/weifengge-net/publications/data/index.json","section":"publications","summary":"","tags":null,"title":"","type":"publications"},{"authors":null,"categories":null,"content":"","date":-62135596800,"expirydate":-62135596800,"kind":"page","lang":"en","lastmod":-62135596800,"objectID":"9eb50f9088083bebcb7e4cf99e22b9ed","permalink":"https://cancms.github.io/weifengge-net/news/","publishdate":"0001-01-01T00:00:00Z","relpermalink":"/weifengge-net/news/","section":"","summary":"","tags":null,"title":"News","type":"page"}]