<?xml version="1.0" encoding="utf-8" standalone="yes"?><rss version="2.0" xmlns:atom="http://www.w3.org/2005/Atom"><channel><title>Talks | Weifeng Ge</title><link>https://cancms.github.io/weifengge-net/teaching/</link><atom:link href="https://cancms.github.io/weifengge-net/teaching/index.xml" rel="self" type="application/rss+xml"/><description>Talks</description><generator>Wowchemy (https://wowchemy.com)</generator><language>en-us</language><image><url>https://cancms.github.io/weifengge-net/media/icon_hu_d402fca852c9163c.png</url><title>Talks</title><link>https://cancms.github.io/weifengge-net/teaching/</link></image></channel></rss>