<?xml version="1.0" encoding="utf-8" standalone="yes"?><rss version="2.0" xmlns:atom="http://www.w3.org/2005/Atom"><channel><title>Weifeng Ge个人主页</title><link>https://cancms.github.io/weifengge-net/zh/</link><atom:link href="https://cancms.github.io/weifengge-net/zh/index.xml" rel="self" type="application/rss+xml"/><description>Weifeng Ge个人主页</description><generator>Wowchemy (https://wowchemy.com)</generator><language>zh-Hans</language><lastBuildDate>Sun, 26 Jun 2022 00:00:00 +0000</lastBuildDate><image><url>https://cancms.github.io/weifengge-net/media/icon_hu_d402fca852c9163c.png</url><title>Weifeng Ge个人主页</title><link>https://cancms.github.io/weifengge-net/zh/</link></image><item><title>How to build an Application with modern Technology</title><link>https://cancms.github.io/weifengge-net/zh/blog/post-1/</link><pubDate>Sun, 26 Jun 2022 00:00:00 +0000</pubDate><guid>https://cancms.github.io/weifengge-net/zh/blog/post-1/</guid><description>&lt;p>Nemo vel ad consectetur namut rutrum ex, venenatis sollicitudin urna. Aliquam erat volutpat. Integer eu ipsum sem. Ut bibendum lacus vestibulum maximus suscipit. Quisque vitae nibh iaculis neque blandit euismod.&lt;/p>
&lt;p>Lorem ipsum dolor sit amet consectetur adipisicing elit. Nemo vel ad consectetur ut aperiam. Itaque eligendi natus aperiam? Excepturi repellendus consequatur quibusdam optio expedita praesentium est adipisci dolorem ut eius!&lt;/p>
&lt;h2 id="creative-design">Creative Design&lt;/h2>
&lt;p>Nam ut rutrum ex, venenatis sollicitudin urna. Aliquam erat volutpat. Integer eu ipsum sem. Ut bibendum lacus vestibulum maximus suscipit. Quisque vitae nibh iaculis neque blandit euismod.&lt;/p>
&lt;blockquote>
&lt;p>Lorem ipsum dolor sit amet consectetur adipisicing elit. Nemo vel ad consectetur ut aperiam. Itaque eligendi natus aperiam? Excepturi repellendus consequatur quibusdam optio expedita praesentium est adipisci dolorem ut eius!&lt;/p>&lt;/blockquote>
&lt;p>Lorem ipsum dolor sit amet consectetur adipisicing elit. Nemo vel ad consectetur ut aperiam. Itaque eligendi natus aperiam? Excepturi repellendus consequatur quibusdam optio expedita praesentium est adipisci dolorem ut eius!&lt;/p></description></item><item><title>How to build an Application with modern Technology</title><link>https://cancms.github.io/weifengge-net/zh/blog/post-2/</link><pubDate>Sun, 26 Jun 2022 00:00:00 +0000</pubDate><guid>https://cancms.github.io/weifengge-net/zh/blog/post-2/</guid><description>&lt;p>Nemo vel ad consectetur namut rutrum ex, venenatis sollicitudin urna. Aliquam erat volutpat. Integer eu ipsum sem. Ut bibendum lacus vestibulum maximus suscipit. Quisque vitae nibh iaculis neque blandit euismod.&lt;/p>
&lt;p>Lorem ipsum dolor sit amet consectetur adipisicing elit. Nemo vel ad consectetur ut aperiam. Itaque eligendi natus aperiam? Excepturi repellendus consequatur quibusdam optio expedita praesentium est adipisci dolorem ut eius!&lt;/p>
&lt;h2 id="creative-design">Creative Design&lt;/h2>
&lt;p>Nam ut rutrum ex, venenatis sollicitudin urna. Aliquam erat volutpat. Integer eu ipsum sem. Ut bibendum lacus vestibulum maximus suscipit. Quisque vitae nibh iaculis neque blandit euismod.&lt;/p>
&lt;blockquote>
&lt;p>Lorem ipsum dolor sit amet consectetur adipisicing elit. Nemo vel ad consectetur ut aperiam. Itaque eligendi natus aperiam? Excepturi repellendus consequatur quibusdam optio expedita praesentium est adipisci dolorem ut eius!&lt;/p>&lt;/blockquote>
&lt;p>Lorem ipsum dolor sit amet consectetur adipisicing elit. Nemo vel ad consectetur ut aperiam. Itaque eligendi natus aperiam? Excepturi repellendus consequatur quibusdam optio expedita praesentium est adipisci dolorem ut eius!&lt;/p></description></item><item><title>How to build an Application with modern Technology</title><link>https://cancms.github.io/weifengge-net/zh/blog/post-3/</link><pubDate>Sun, 26 Jun 2022 00:00:00 +0000</pubDate><guid>https://cancms.github.io/weifengge-net/zh/blog/post-3/</guid><description>&lt;p>Nemo vel ad consectetur namut rutrum ex, venenatis sollicitudin urna. Aliquam erat volutpat. Integer eu ipsum sem. Ut bibendum lacus vestibulum maximus suscipit. Quisque vitae nibh iaculis neque blandit euismod.&lt;/p>
&lt;p>Lorem ipsum dolor sit amet consectetur adipisicing elit. Nemo vel ad consectetur ut aperiam. Itaque eligendi natus aperiam? Excepturi repellendus consequatur quibusdam optio expedita praesentium est adipisci dolorem ut eius!&lt;/p>
&lt;h2 id="creative-design">Creative Design&lt;/h2>
&lt;p>Nam ut rutrum ex, venenatis sollicitudin urna. Aliquam erat volutpat. Integer eu ipsum sem. Ut bibendum lacus vestibulum maximus suscipit. Quisque vitae nibh iaculis neque blandit euismod.&lt;/p>
&lt;blockquote>
&lt;p>Lorem ipsum dolor sit amet consectetur adipisicing elit. Nemo vel ad consectetur ut aperiam. Itaque eligendi natus aperiam? Excepturi repellendus consequatur quibusdam optio expedita praesentium est adipisci dolorem ut eius!&lt;/p>&lt;/blockquote>
&lt;p>Lorem ipsum dolor sit amet consectetur adipisicing elit. Nemo vel ad consectetur ut aperiam. Itaque eligendi natus aperiam? Excepturi repellendus consequatur quibusdam optio expedita praesentium est adipisci dolorem ut eius!&lt;/p></description></item><item><title>How to build an Application with modern Technology</title><link>https://cancms.github.io/weifengge-net/zh/blog/post-4/</link><pubDate>Sun, 26 Jun 2022 00:00:00 +0000</pubDate><guid>https://cancms.github.io/weifengge-net/zh/blog/post-4/</guid><description>&lt;p>Nemo vel ad consectetur namut rutrum ex, venenatis sollicitudin urna. Aliquam erat volutpat. Integer eu ipsum sem. Ut bibendum lacus vestibulum maximus suscipit. Quisque vitae nibh iaculis neque blandit euismod.&lt;/p>
&lt;p>Lorem ipsum dolor sit amet consectetur adipisicing elit. Nemo vel ad consectetur ut aperiam. Itaque eligendi natus aperiam? Excepturi repellendus consequatur quibusdam optio expedita praesentium est adipisci dolorem ut eius!&lt;/p>
&lt;h2 id="creative-design">Creative Design&lt;/h2>
&lt;p>Nam ut rutrum ex, venenatis sollicitudin urna. Aliquam erat volutpat. Integer eu ipsum sem. Ut bibendum lacus vestibulum maximus suscipit. Quisque vitae nibh iaculis neque blandit euismod.&lt;/p>
&lt;blockquote>
&lt;p>Lorem ipsum dolor sit amet consectetur adipisicing elit. Nemo vel ad consectetur ut aperiam. Itaque eligendi natus aperiam? Excepturi repellendus consequatur quibusdam optio expedita praesentium est adipisci dolorem ut eius!&lt;/p>&lt;/blockquote>
&lt;p>Lorem ipsum dolor sit amet consectetur adipisicing elit. Nemo vel ad consectetur ut aperiam. Itaque eligendi natus aperiam? Excepturi repellendus consequatur quibusdam optio expedita praesentium est adipisci dolorem ut eius!&lt;/p></description></item><item><title/><link>https://cancms.github.io/weifengge-net/zh/admin/config.yml</link><pubDate>Mon, 01 Jan 0001 00:00:00 +0000</pubDate><guid>https://cancms.github.io/weifengge-net/zh/admin/config.yml</guid><description/></item><item><title/><link>https://cancms.github.io/weifengge-net/zh/publications/data/index.json</link><pubDate>Mon, 01 Jan 0001 00:00:00 +0000</pubDate><guid>https://cancms.github.io/weifengge-net/zh/publications/data/index.json</guid><description/></item><item><title>News</title><link>https://cancms.github.io/weifengge-net/zh/news/</link><pubDate>Mon, 01 Jan 0001 00:00:00 +0000</pubDate><guid>https://cancms.github.io/weifengge-net/zh/news/</guid><description/></item></channel></rss>